{
  "overall": {
    "n_params": 48,
    "n_total_observations": 7584,
    "max": 664759.5355395429,
    "median": 96.74204174236519,
    "p90": 574.5779162283526,
    "p95": 1258.766962925048,
    "p99": 16903.523353226094,
    "mean": 1716.9977132389088,
    "post_warmup_n": 2784,
    "post_warmup_max": 610.6031327904831,
    "post_warmup_median": 49.845850838270586,
    "post_warmup_p95": 169.43015473203872,
    "post_warmup_p99": 279.10658730721354
  },
  "per_param": {
    "blocks.0.attn.qkv.weight": {
      "shape_key": "shape(2304, 192)_pos0",
      "max": 12077.400317477966,
      "median": 38.31786492522175,
      "p95": 260.79502379423576,
      "first": 379.3094311903075,
      "last": 7.706048115626054,
      "n_observations": 158
    },
    "blocks.0.attn.proj.weight": {
      "shape_key": "shape(768, 192)_pos1",
      "max": 25604.626347463753,
      "median": 84.5772712796156,
      "p95": 378.98033563893944,
      "first": 651.0578261270093,
      "last": 99.74704447249368,
      "n_observations": 158
    },
    "blocks.0.mlp.fc.weight": {
      "shape_key": "shape(3072, 192)_pos2",
      "max": 9443.207335842902,
      "median": 73.24780054839961,
      "p95": 207.7072196732369,
      "first": 216.04750812242352,
      "last": 182.30922590392885,
      "n_observations": 158
    },
    "blocks.0.mlp.proj.weight": {
      "shape_key": "shape(768, 192)_pos3",
      "max": 18642.504046265152,
      "median": 53.79183463177013,
      "p95": 239.12721913103817,
      "first": 411.78442234383016,
      "last": 40.59899513908746,
      "n_observations": 158
    },
    "blocks.1.attn.qkv.weight": {
      "shape_key": "shape(2304, 192)_pos4",
      "max": 298528.9244866912,
      "median": 93.96461993414191,
      "p95": 1374.8725386708966,
      "first": 3916.7072495690963,
      "last": 104.12862014980287,
      "n_observations": 158
    },
    "blocks.1.attn.proj.weight": {
      "shape_key": "shape(768, 192)_pos5",
      "max": 272524.045463696,
      "median": 136.9894831084963,
      "p95": 1723.5011896643587,
      "first": 6256.587981294283,
      "last": 173.1644569688033,
      "n_observations": 158
    },
    "blocks.1.mlp.fc.weight": {
      "shape_key": "shape(3072, 192)_pos6",
      "max": 7074.803360978836,
      "median": 74.2019133390909,
      "p95": 212.3110377208685,
      "first": 277.06128478283017,
      "last": 87.23131481576355,
      "n_observations": 158
    },
    "blocks.1.mlp.proj.weight": {
      "shape_key": "shape(768, 192)_pos7",
      "max": 33584.88994094112,
      "median": 65.21153539473225,
      "p95": 280.91121468154785,
      "first": 413.01230667580506,
      "last": 16.607016924776932,
      "n_observations": 158
    },
    "blocks.2.attn.qkv.weight": {
      "shape_key": "shape(2304, 192)_pos8",
      "max": 267730.67969224555,
      "median": 85.34951107704684,
      "p95": 1864.2824651415838,
      "first": 4799.786282908408,
      "last": 85.34951107704684,
      "n_observations": 158
    },
    "blocks.2.attn.proj.weight": {
      "shape_key": "shape(768, 192)_pos9",
      "max": 312837.27300878277,
      "median": 98.56673061722806,
      "p95": 2031.5279389782293,
      "first": 6804.095551696159,
      "last": 55.760918402894234,
      "n_observations": 158
    },
    "blocks.2.mlp.fc.weight": {
      "shape_key": "shape(3072, 192)_pos10",
      "max": 10604.619683171028,
      "median": 66.42888638206469,
      "p95": 232.92929183340178,
      "first": 272.4846532303608,
      "last": 71.73581594457707,
      "n_observations": 158
    },
    "blocks.2.mlp.proj.weight": {
      "shape_key": "shape(768, 192)_pos11",
      "max": 11043.768553697917,
      "median": 66.23899241870866,
      "p95": 305.4788479028054,
      "first": 405.1535479507741,
      "last": 16.021856895666794,
      "n_observations": 158
    },
    "blocks.3.attn.qkv.weight": {
      "shape_key": "shape(2304, 192)_pos12",
      "max": 306232.6172552092,
      "median": 89.71733304007748,
      "p95": 2446.3313915153335,
      "first": 5394.62001611145,
      "last": 92.847671678438,
      "n_observations": 158
    },
    "blocks.3.attn.proj.weight": {
      "shape_key": "shape(768, 192)_pos13",
      "max": 445558.48404076515,
      "median": 105.76419548882913,
      "p95": 2537.9870732617123,
      "first": 7024.153537764742,
      "last": 39.59746005731112,
      "n_observations": 158
    },
    "blocks.3.mlp.fc.weight": {
      "shape_key": "shape(3072, 192)_pos14",
      "max": 6608.838589363045,
      "median": 62.36832305505973,
      "p95": 282.20136666547376,
      "first": 314.7645575825043,
      "last": 56.93141095374537,
      "n_observations": 158
    },
    "blocks.3.mlp.proj.weight": {
      "shape_key": "shape(768, 192)_pos15",
      "max": 35094.96786624638,
      "median": 87.58507843903313,
      "p95": 350.10058819441684,
      "first": 470.083261481697,
      "last": 11.356247437501507,
      "n_observations": 158
    },
    "blocks.4.attn.qkv.weight": {
      "shape_key": "shape(2304, 192)_pos16",
      "max": 234013.47199003614,
      "median": 101.58760239565991,
      "p95": 2761.649609103165,
      "first": 5865.547738011113,
      "last": 73.17188396555676,
      "n_observations": 158
    },
    "blocks.4.attn.proj.weight": {
      "shape_key": "shape(768, 192)_pos17",
      "max": 344780.3744885389,
      "median": 116.26915147975127,
      "p95": 2947.931251364141,
      "first": 7881.7690692055185,
      "last": 31.11034645395135,
      "n_observations": 158
    },
    "blocks.4.mlp.fc.weight": {
      "shape_key": "shape(3072, 192)_pos18",
      "max": 10952.950119476249,
      "median": 58.31137383310926,
      "p95": 313.33448737638173,
      "first": 352.88351017304996,
      "last": 51.458593712234105,
      "n_observations": 158
    },
    "blocks.4.mlp.proj.weight": {
      "shape_key": "shape(768, 192)_pos19",
      "max": 36564.49676927246,
      "median": 77.56431657920811,
      "p95": 400.18263879970533,
      "first": 441.05533655223087,
      "last": 12.296408067203783,
      "n_observations": 158
    },
    "blocks.5.attn.qkv.weight": {
      "shape_key": "shape(2304, 192)_pos20",
      "max": 249630.69369665373,
      "median": 115.75251647979556,
      "p95": 3181.235105023595,
      "first": 5949.347547119195,
      "last": 48.90560927671756,
      "n_observations": 158
    },
    "blocks.5.attn.proj.weight": {
      "shape_key": "shape(768, 192)_pos21",
      "max": 377527.26479823265,
      "median": 131.53384563384847,
      "p95": 3752.8988905552196,
      "first": 8270.511553758999,
      "last": 30.023780164198314,
      "n_observations": 158
    },
    "blocks.5.mlp.fc.weight": {
      "shape_key": "shape(3072, 192)_pos22",
      "max": 10958.037544506224,
      "median": 55.20869099190619,
      "p95": 322.9113826932009,
      "first": 322.9113826932009,
      "last": 40.24107713810251,
      "n_observations": 158
    },
    "blocks.5.mlp.proj.weight": {
      "shape_key": "shape(768, 192)_pos23",
      "max": 51563.135956659484,
      "median": 85.38203288790449,
      "p95": 448.4412291787473,
      "first": 521.7680586188428,
      "last": 11.687323519693559,
      "n_observations": 158
    },
    "blocks.6.attn.qkv.weight": {
      "shape_key": "shape(2304, 192)_pos24",
      "max": 248914.49359856074,
      "median": 127.44001895028933,
      "p95": 3695.7745707187046,
      "first": 6624.255018715242,
      "last": 40.51256017533754,
      "n_observations": 158
    },
    "blocks.6.attn.proj.weight": {
      "shape_key": "shape(768, 192)_pos25",
      "max": 485347.28002375166,
      "median": 150.354433774137,
      "p95": 3971.2280420189763,
      "first": 9082.812216178963,
      "last": 32.33741180021521,
      "n_observations": 158
    },
    "blocks.6.mlp.fc.weight": {
      "shape_key": "shape(3072, 192)_pos26",
      "max": 33335.612241955976,
      "median": 58.04361075181936,
      "p95": 373.14069104041835,
      "first": 331.44404364184925,